Age, Male Annual Mortality , Female Annual Mortality , Couple Annual Mortality ,Male Median Life Expectancy, Female Median Life Expectancy ,Couples Life Expectancy, Men Alive ,Women Alive, Couples at Least One Alive ,P(A Alive),P(B Alive),P(A Dead),P(B Alive), P(At least one Alive) ,,,,,,,,,,,,, Milevsky ,,,,,1,0.00044,0.0004,1,75.62,80.39,0.99996,"99,332","99,444","99,996",0.99,0.99,0.01,0.01,1,,,,,,,,,,,,,,,,,,2,0.0003,0.00021,1,74.65,79.43,0.99996,"99,289","99,404","99,996",0.99,0.99,0.01,0.01,1,,,,,,,,,,,,,,,,,,3,0.00023,0.00016,1,73.67,78.44,0.99995,"99,259","99,383","99,995",0.99,0.99,0.01,0.01,1,,,,,,,,,,,,,,,,,,4,0.00017,0.00013,1,72.69,77.46,0.99995,"99,235","99,367","99,995",0.99,0.99,0.01,0.01,1,,,,,,,,,,,,,,,,,,5,0.00016,0.00012,1,71.7,76.47,0.99995,"99,218","99,354","99,995",0.99,0.99,0.01,0.01,0.9999,,,,,,,,,,,,,,,,,,6,0.00014,0.00011,1,70.71,75.47,0.99995,"99,203","99,342","99,995",0.99,0.99,0.01,0.01,0.9999,,,,,,,,,,,,,,,,,,7,0.00013,0.0001,1,69.72,74.48,0.99995,"99,189","99,332","99,995",0.99,0.99,0.01,0.01,0.9999,,,,,,,,,,,,,,,,,,8,0.00012,0.00009,1,68.73,73.49,0.99994,"99,176","99,322","99,994",0.99,0.99,0.01,0.01,0.9999,,,,,,,,,,,,,,,,,,9,0.0001,0.00009,1,67.74,72.5,0.99994,"99,164","99,313","99,994",0.99,0.99,0.01,0.01,0.9999,,,,,,,,,,,,,,,,,,10,0.00008,0.00009,1,66.74,71.5,0.99994,"99,155","99,304","99,994",0.99,0.99,0.01,0.01,0.9999,,,,,,,,,,,,,,,,,,11,0.00009,0.0001,1,65.75,70.51,0.99994,"99,147","99,295","99,994",0.99,0.99,0.01,0.01,0.9999,,,,,,,,,,,,,,,,,,12,0.00013,0.00011,1,64.76,69.52,0.99994,"99,138","99,285","99,994",0.99,0.99,0.01,0.01,0.9999,,,,,,,,,,,,,,,,,,13,0.00021,0.00014,0.99999,63.76,68.52,0.99994,"99,126","99,274","99,994",0.99,0.99,0.01,0.01,0.9999,,,,,,,,,,,,,,,,,,14,0.00032,0.00017,0.99999,62.78,67.53,0.99993,"99,106","99,261","99,993",0.99,0.99,0.01,0.01,0.9999,,,,,,,,,,,,,,,,,,15,0.00044,0.00021,0.99999,61.8,66.54,0.99993,"99,074","99,244","99,993",0.99,0.99,0.01,0.01,0.9999,,,,,,,,,,,,,,,,,,16,0.00056,0.00025,0.99999,60.82,65.56,0.99992,"99,030","99,223","99,992",0.99,0.99,0.01,0.01,0.9999,,,,,,,,,,,,,,,,,,17,0.00069,0.00028,0.99999,59.86,64.57,0.99992,"98,975","99,199","99,992",0.99,0.99,0.01,0.01,0.9999,,,,,,,,,,,,,,,,,,18,0.00082,0.00032,0.99998,58.9,63.59,0.99991,"98,906","99,171","99,991",0.99,0.99,0.01,0.01,0.9999,,,,,,,,,,,,,,,,,,19,0.00095,0.00035,0.99997,57.95,62.61,0.9999,"98,825","99,139","99,990",0.99,0.99,0.01,0.01,0.9999,,,,,,,,,,,,,,,,,,20,0.00109,0.00039,0.99997,57,61.63,0.99989,"98,731","99,105","99,989",0.99,0.99,0.01,0.01,0.9999,,,,,,,,,,,,,,,,,,21,0.00121,0.00042,0.99996,56.06,60.66,0.99987,"98,624","99,066","99,987",0.99,0.99,0.01,0.01,0.9999,,,,,,,,,,,,,,,,,,22,0.0013,0.00045,0.99994,55.13,59.68,0.99985,"98,505","99,024","99,985",0.99,0.99,0.01,0.01,0.9999,,,,,,,,,,,,,,,,,,23,0.00135,0.00048,0.99993,54.2,58.71,0.99983,"98,376","98,979","99,983",0.98,0.99,0.02,0.01,0.9998,,,,,,,,,,,,,,,,,,24,0.00135,0.00049,0.99992,53.27,57.74,0.99981,"98,244","98,932","99,981",0.98,0.99,0.02,0.01,0.9998,,,,,,,,,,,,,,,,,,25,0.00134,0.00051,0.9999,52.34,56.77,0.99979,"98,111","98,883","99,979",0.98,0.99,0.02,0.01,0.9998,,,,,,,,,,,,,,,,,,26,0.00134,0.00053,0.99988,51.41,55.79,0.99976,"97,980","98,833","99,976",0.98,0.99,0.02,0.01,0.9998,,,,,,,,,,,,,,,,,,27,0.00134,0.00055,0.99986,50.48,54.82,0.99974,"97,848","98,780","99,974",0.98,0.99,0.02,0.01,0.9997,,,,,,,,,,,,,,,,,,28,0.00136,0.00058,0.99984,49.55,53.85,0.99971,"97,717","98,726","99,971",0.98,0.99,0.02,0.01,0.9997,,,,,,,,,,,,,,,,,,29,0.00138,0.00061,0.99982,48.62,52.88,0.99968,"97,584","98,668","99,968",0.98,0.99,0.02,0.01,0.9997,,,,,,,,,,,,,,,,,,30,0.00141,0.00064,0.9998,47.68,51.92,0.99965,"97,450","98,608","99,965",0.97,0.99,0.03,0.01,0.9996,,,,,,,,,,,,,,,,,,31,0.00144,0.00068,0.99977,46.75,50.95,0.99961,"97,313","98,545","99,961",0.97,0.99,0.03,0.01,0.9996,,,,,,,,,,,,,,,,,,32,0.00147,0.00072,0.99974,45.82,49.98,0.99957,"97,173","98,479","99,957",0.97,0.98,0.03,0.02,0.9996,,,,,,,,,,,,,,,,,,33,0.0015,0.00077,0.99971,44.88,49.02,0.99953,"97,031","98,408","99,953",0.97,0.98,0.03,0.02,0.9995,,,,,,,,,,,,,,,,,,34,0.00154,0.00082,0.99967,43.95,48.06,0.99948,"96,885","98,332","99,948",0.97,0.98,0.03,0.02,0.9995,,,,,,,,,,,,,,,,,,35,0.00159,0.00088,0.99963,43.02,47.1,0.99943,"96,736","98,252","99,943",0.97,0.98,0.03,0.02,0.9994,,,,,,,,,,,,,,,,,,36,0.00166,0.00095,0.99958,42.08,46.14,0.99937,"96,582","98,166","99,937",0.97,0.98,0.03,0.02,0.9994,,,,,,,,,,,,,,,,,,37,0.00174,0.00102,0.99953,41.15,45.18,0.99931,"96,422","98,073","99,931",0.96,0.98,0.04,0.02,0.9993,,,,,,,,,,,,,,,,,,38,0.00184,0.0011,0.99947,40.22,44.23,0.99924,"96,254","97,972","99,924",0.96,0.98,0.04,0.02,0.9992,,,,,,,,,,,,,,,,,,39,0.00195,0.00119,0.99939,39.3,43.27,0.99916,"96,077","97,865","99,916",0.96,0.98,0.04,0.02,0.9992,,,,,,,,,,,,,,,,,,40,0.00208,0.00128,0.99931,38.37,42.32,0.99907,"95,889","97,749","99,907",0.96,0.98,0.04,0.02,0.9991,,,,,,,,,,,,,,,,,,41,0.00224,0.00139,0.99921,37.45,41.38,0.99898,"95,689","97,624","99,898",0.96,0.98,0.04,0.02,0.999,,,,,,,,,,,,,,,,,,42,0.00244,0.00152,0.99909,36.53,40.43,0.99886,"95,475","97,488","99,886",0.95,0.97,0.05,0.03,0.9989,,,,,,,,,,,,,,,,,,43,0.00269,0.00168,0.99896,35.62,39.5,0.99873,"95,242","97,340","99,873",0.95,0.97,0.05,0.03,0.9987,,,,,,,,,,,,,,,,,,44,0.00298,0.00186,0.9988,34.72,38.56,0.99858,"94,986","97,177","99,858",0.95,0.97,0.05,0.03,0.9986,,,,,,,,,,,,,,,,,,45,0.0033,0.00206,0.99862,33.82,37.63,0.99841,"94,704","96,997","99,841",0.95,0.97,0.05,0.03,0.9984,,,,,,,,,,,,,,,,,,46,0.00364,0.00226,0.9984,32.93,36.71,0.9982,"94,392","96,797","99,820",0.94,0.97,0.06,0.03,0.9982,,,,,,,,,,,,,,,,,,47,0.004,0.00248,0.99815,32.05,35.79,0.99796,"94,048","96,578","99,796",0.94,0.97,0.06,0.03,0.998,,,,,,,,,,,,,,,,,,48,0.00437,0.00271,0.99786,31.17,34.88,0.99768,"93,672","96,339","99,768",0.94,0.96,0.06,0.04,0.9977,,,,,,,,,,,,,,,,,,49,0.00475,0.00295,0.99752,30.31,33.97,0.99736,"93,263","96,078","99,736",0.93,0.96,0.07,0.04,0.9974,,,,,,,,,,,,,,,,,,50,0.00516,0.00321,0.99713,29.45,33.07,0.99698,"92,820","95,795","99,698",0.93,0.96,0.07,0.04,0.997,,,,,,,,,,,,,,,,,,51,0.0056,0.00348,0.99669,28.6,32.18,0.99654,"92,342","95,487","99,654",0.92,0.95,0.08,0.05,0.9965,,,,,,,,,,,,,,,,,,52,0.00608,0.00375,0.99617,27.76,31.29,0.99604,"91,825","95,155","99,604",0.92,0.95,0.08,0.05,0.996,,,,,,,,,,,,,,,,,,53,0.00661,0.004,0.99558,26.93,30.4,0.99546,"91,267","94,798","99,546",0.91,0.95,0.09,0.05,0.9955,,,,,,,,,,,,,,,,,,54,0.00717,0.00425,0.9949,26.1,29.52,0.99479,"90,664","94,418","99,479",0.91,0.94,0.09,0.06,0.9948,,,,,,,,,,,,,,,,,,55,0.00781,0.00452,0.99412,25.29,28.65,0.99402,"90,013","94,017","99,402",0.9,0.94,0.1,0.06,0.994,,,,,,,,,,,,,,,,,,56,0.00846,0.00484,0.99322,24.48,27.77,0.99315,"89,311","93,593","99,315",0.89,0.94,0.11,0.06,0.9932,,,,,,,,,,,,,,,,,,57,0.0091,0.00519,0.99219,23.69,26.91,0.99215,"88,555","93,140","99,215",0.89,0.93,0.11,0.07,0.9921,,,,,,,,,,,,,,,,,,58,0.00968,0.00557,0.991,22.9,26.04,0.991,"87,750","92,657","99,100",0.88,0.93,0.12,0.07,0.991,,,,,,,,,,,,,,,,,,59,0.01025,0.006,0.98961,22.12,25.19,0.98971,"86,901","92,141","98,971",0.87,0.92,0.13,0.08,0.9897,,,,,,,,,,,,,,,,,,60,0.01087,0.00649,0.98798,21.34,24.34,0.98823,"86,010","91,588","98,823",0.86,0.92,0.14,0.08,0.9882,,,,,,,,,,,,,,,,,,61,0.01159,0.00705,0.98609,20.57,23.49,0.98656,"85,076","90,994","98,656",0.85,0.91,0.15,0.09,0.9866,,,,,,,,,,,,,,,,,,62,0.01244,0.00769,0.98387,19.81,22.65,0.98465,"84,090","90,352","98,465",0.84,0.9,0.16,0.1,0.9847,,,,,,,,,,,,Age,17.5,,,,,63,0.01345,0.00842,0.98128,19.05,21.83,0.98246,"83,043","89,658","98,246",0.83,0.9,0.17,0.1,0.9825,,,,,,,80.794,,,,,lambda,0.0367,,,,,64,0.01461,0.00925,0.9783,18.3,21.01,0.97994,"81,926","88,903","97,994",0.82,0.89,0.18,0.11,0.9799,Couple Alive,Men Die This Year,Prob Death,Cum Prob Death,Prob Death this Yr,Men Alive,Per 10000,Men Died at Age,Cum Died,Prob Death this Yr,,, Milevsky ,SOC 2000,,People Mine,People Milev,Alive per 10K65,0.01593,0.0102,0.97486,17.57,20.2,0.97703,"80,729","88,081","97,703",0.81,0.88,0.19,0.12,0.977,"10,000",35,0.003459464,0.003459464,0.01593,"80,794","1,000",16,16,0.01589,0,,,,,"80,729","80,729",100066,0.01737,0.01126,0.9709,16.84,19.4,0.97365,"79,444","87,182","97,365",0.79,0.87,0.21,0.13,0.9737,"9,965.41",40,0.004012159,0.007471623,0.0333,"79,510",984,17,33,0.03296,1,66,0.964,0.9826,0.9841,"79,444","77,820",67,0.0189,0.01237,0.96631,16.13,18.62,0.96973,"78,064","86,201","96,973",0.78,0.86,0.22,0.14,0.9697,"9,925.28",46,0.0046365,0.012108124,0.0522,"78,131",967,18,51,0.05120,2,67,0.9292,0.9811,0.967,"78,064","75,016",68,0.02048,0.01354,0.96101,15.43,17.84,0.9652,"76,589","85,135","96,520",0.77,0.85,0.23,0.15,0.9652,"9,878.92",53,0.005332487,0.017440611,0.07268,"76,657",949,19,71,0.07061,3,68,0.8957,0.9795,0.9487,"76,589","72,313",69,0.02219,0.01479,0.95489,14.75,17.08,0.95999,"75,020","83,982","95,999",0.75,0.84,0.25,0.16,0.96,"9,825.59",61,0.00612059,0.023561201,0.09487,"75,089",929,21,91,0.09121,4,69,0.8635,0.9778,0.9293,"75,020","69,707",70,0.02414,0.01623,0.94782,14.07,16.33,0.95401,"73,355","82,740","95,401",0.73,0.83,0.27,0.17,0.954,"9,764.39",70,0.007031514,0.030592715,0.11901,"73,425",909,22,113,0.11311,5,70,0.8324,0.9759,0.9087,"73,355","67,195",71,0.02636,0.01788,0.93963,13.4,15.59,0.94714,"71,584","81,397","94,714",0.72,0.81,0.28,0.19,0.9471,"9,694.07",81,0.008106199,0.038698914,0.14537,"71,655",887,23,136,0.13646,6,71,0.8024,0.9736,0.8867,"71,584","64,774",72,0.02881,0.01969,0.93017,12.75,14.87,0.93922,"69,697","79,941","93,922",0.7,0.8,0.3,0.2,0.9392,"9,613.01",93,0.009334411,0.048033325,0.17418,"69,769",864,25,161,0.16130,7,72,0.7734,0.9712,0.8633,"69,697","62,439",73,0.03148,0.02167,0.9193,12.12,14.16,0.9301,"67,689","78,367","93,010",0.68,0.78,0.32,0.22,0.9301,"9,519.67",107,0.010705915,0.05873924,0.20566,"67,762",839,26,188,0.18766,8,73,0.7456,0.9685,0.8385,"67,689","60,189",74,0.03444,0.02387,0.90688,11.49,13.46,0.91964,"65,558","76,669","91,964",0.66,0.77,0.34,0.23,0.9196,"9,412.61",123,0.01226165,0.07100089,0.2401,"65,632",812,28,216,0.21560,9,74,0.7187,0.9656,0.8121,"65,558","58,021",75,0.03786,0.02644,0.89277,10.89,12.77,0.90766,"63,300","74,839","90,766",0.63,0.75,0.37,0.25,0.9077,"9,289.99",141,0.014093733,0.085094624,0.27796,"63,375",784,30,245,0.24524,10,75,0.6928,0.9621,0.7841,"63,300","55,930",76,0.04173,0.02937,0.87672,10.3,12.11,0.89389,"60,904","72,860","89,389",0.61,0.73,0.39,0.27,0.8939,"9,149.05",162,0.016171458,0.101266082,0.31969,"60,980",755,31,277,0.27668,11,76,0.6678,0.9583,0.7544,"60,904","53,914",77,0.04593,0.03252,0.85846,9.72,11.46,0.87809,"58,363","70,721","87,809",0.58,0.71,0.42,0.29,0.8781,"8,987.34",185,0.018464121,0.119730203,0.36562,"58,440",723,33,310,0.30985,12,77,0.6438,0.9541,0.7229,"58,363","51,972",78,0.05047,0.03587,0.83779,9.17,10.83,0.86005,"55,682","68,421","86,005",0.56,0.68,0.44,0.32,0.86,"8,802.70",209,0.020920545,0.140650748,0.41609,"55,760",690,35,345,0.34462,13,78,0.6206,0.9495,0.6897,"55,682","50,099",79,0.05547,0.03956,0.81455,8.63,10.21,0.83961,"52,872","65,967","83,961",0.53,0.66,0.47,0.34,0.8396,"8,593.49",236,0.023591906,0.164242654,0.47156,"52,951",655,36,381,0.38091,14,79,0.5982,0.9445,0.6549,"52,872","48,294",80,0.06118,0.04383,0.78854,8.1,9.61,0.81656,"49,939","63,357","81,656",0.5,0.63,0.5,0.37,0.8166,"8,357.57",265,0.02654985,0.190792504,0.53274,"50,019",619,38,419,0.41871,15,80,0.5767,0.9388,0.6186,"49,939","46,553",81,0.0677,0.04881,0.75953,7.6,9.03,0.79062,"46,884","60,580","79,062",0.47,0.61,0.53,0.39,0.7906,"8,092.07",298,0.029835317,0.220627821,0.60044,"46,965",581,39,458,0.45798,16,81,0.5559,0.9323,0.5808,"46,884","44,876",82,0.07492,0.05443,0.72726,7.11,8.47,0.76147,"43,710","57,624","76,147",0.44,0.58,0.56,0.42,0.7615,"7,793.72",333,0.033335722,0.253963543,0.67536,"43,792",542,41,499,0.49850,17,82,0.5359,0.9251,0.5414,"43,710","43,259",83,0.08289,0.06076,0.69163,6.65,7.93,0.7289,"40,435","54,487","72,890",0.4,0.54,0.6,0.46,0.7289,"7,460.36",369,0.036928242,0.290891784,0.75825,"40,518",501,41,540,0.53997,18,83,0.5165,0.9171,0.5009,"40,435","41,700",84,0.09173,0.06789,0.65258,6.21,7.41,0.69282,"37,084","51,176","69,282",0.37,0.51,0.63,0.49,0.6928,"7,091.08",406,0.040582173,0.331473957,0.84998,"37,168",460,42,582,0.58206,19,84,0.4979,0.9083,0.4594,"37,084","40,197",85,0.10158,0.07593,0.61019,5.78,6.91,0.65317,"33,682","47,702","65,317",0.34,0.48,0.66,0.52,0.6532,"6,685.26",442,0.044164458,0.375638414,0.95156,"33,767",418,42,624,0.62439,20,85,0.48,0.8984,0.4172,"33,682","38,749",86,0.11257,0.08497,0.56471,5.38,6.44,0.61002,"30,261","44,080","61,002",0.3,0.44,0.7,0.56,0.61,"6,243.62",475,0.047542041,0.423180455,1.06413,"30,347",376,42,667,0.66655,21,86,0.4627,0.8874,0.3748,"30,261","37,352",87,0.1248,0.09509,0.51653,5,5.99,0.56357,"26,854","40,335","56,357",0.27,0.4,0.73,0.6,0.5636,"5,768.20",505,0.05048975,0.473670205,1.18893,"26,941",333,41,708,0.70801,22,87,0.446,0.8752,0.3326,"26,854","36,006",88,0.13831,0.10635,0.46624,4.64,5.56,0.51424,"23,503","36,499","51,424",0.24,0.36,0.76,0.64,0.5142,"5,263.30",528,0.052813117,0.526483322,1.32724,"23,591",292,40,748,0.74822,23,88,0.4299,0.8617,0.2911,"23,503","34,709",89,0.15311,0.11878,0.41465,4.3,5.17,0.46264,"20,253","32,617","46,264",0.2,0.33,0.8,0.67,0.4626,"4,735.17",542,0.054235796,0.580719118,1.48035,"20,342",252,38,787,0.78659,24,89,0.4145,0.8469,0.2509,"20,253","33,458",90,0.1692,0.13238,0.36272,3.99,4.8,0.40965,"17,152","28,743","40,965",0.17,0.29,0.83,0.71,0.4097,"4,192.81",546,0.054563319,0.635282438,1.64955,"17,242",213,36,822,0.82250,25,90,0.3995,0.8308,0.2125,"17,152","32,253",91,0.18654,0.14718,0.31155,3.7,4.45,0.35634,"14,250","24,938","35,634",0.14,0.25,0.86,0.75,0.3563,"3,647.18",536,0.05362169,0.688904128,1.83609,"14,341",178,33,855,0.85539,26,91,0.3851,0.8135,0.1765,"14,250","31,090",92,0.20512,0.16316,0.26231,3.44,4.13,0.30395,"11,592","21,268","30,395",0.12,0.21,0.88,0.79,0.3039,"3,110.96",514,0.051410909,0.740315036,2.04121,"11,684",145,29,885,0.88481,27,92,0.3712,0.7949,0.1436,"11,592","29,970",93,0.22487,0.18031,0.21608,3.2,3.84,0.25372,"9,214","17,798","25,372",0.09,0.18,0.91,0.82,0.2537,"2,596.85",479,0.04794121,0.788256246,2.26608,"9,307",115,26,910,0.91044,28,93,0.3579,0.7751,0.1141,"9,214","28,890",94,0.24574,0.19862,0.17387,2.98,3.58,0.20688,"7,142","14,588","20,688",0.07,0.15,0.93,0.85,0.2069,"2,117.44",434,0.043396825,0.831653071,2.51182,"7,236",90,22,932,0.93215,29,94,0.345,0.7543,0.0885,"7,142","27,849",95,0.26645,0.21713,0.1364,2.79,3.34,0.16448,"5,387","11,691","16,448",0.05,0.12,0.95,0.88,0.1645,"1,683.47",379,0.037921046,0.869574117,2.77827,"5,482",68,18,950,0.94990,30,95,0.3325,0.7335,0.0667,"5,387","26,845",96,0.28663,0.23556,0.10425,2.62,3.13,0.12743,"3,952","9,153","12,743",0.04,0.09,0.96,0.91,0.1274,"1,304.26",320,0.031974453,0.901548571,3.0649,"4,048",50,14,964,0.96391,31,96,0.3206,0.7134,0.049,"3,952","25,878",97,0.30587,0.2536,0.07763,2.47,2.94,0.09619,"2,819","6,997","9,619",0.03,0.07,0.97,0.93,0.0962,984.51,260,0.026017625,0.927566196,3.37077,"2,916",36,11,975,0.97456,32,97,0.309,0.6941,0.0349,"2,819","24,946",98,0.32378,0.27092,0.05633,2.34,2.76,0.07077,"1,957","5,222","7,077",0.02,0.05,0.98,0.95,0.0708,724.34,204,0.020439495,0.948005691,3.69455,"2,055",25,8,982,0.98240,33,98,0.2979,0.6762,0.0242,"1,957","24,047",99,0.33997,0.28718,0.03986,2.22,2.6,0.0508,"1,323","3,807","5,080",0.01,0.04,0.99,0.96,0.0508,519.94,155,0.015526647,0.963532338,4.03452,"1,422",18,6,988,0.98796,34,99,0.2871,0.66,0.0164,"1,323","23,180",100,0.35697,0.30441,0.02754,2.1,2.45,0.03563,873,"2,714","3,563",0.01,0.03,0.99,0.97,0.0356,364.68,115,0.011504253,0.97503659,4.39149,973,12,4,992,0.99179,35,100,0.2768,0.643,0.0108,873,"22,345",101,0.37482,0.32267,0.01853,1.99,2.31,0.02439,562,"1,888","2,439",0.01,0.02,0.99,0.98,0.0244,249.63,83,0.008321137,0.983357727,4.76631,663,8,3,994,0.99439,36,101,0.2668,0.6252,0.007,562,"21,540",102,0.39356,0.34203,0.01213,1.88,2.17,0.01626,351,"1,279","1,626",0,0.01,1,0.99,0.0163,166.42,59,0.005874948,0.989232675,5.15987,453,6,2,996,0.99609,37,102,0.2572,0.6064,0.0043,351,"20,764",103,0.41324,0.36256,0.0077,1.78,2.03,0.01052,213,841,"1,052",0,0.01,1,0.99,0.0105,107.67,40,0.004012159,0.993244834,5.57311,316,4,1,997,0.99717,38,103,0.2479,0.5868,0.0026,213,"20,015",104,0.4339,0.38431,0.00474,1.68,1.91,0.0066,125,536,660,0,0.01,1,0.99,0.0066,67.55,27,0.002650891,0.995895725,6.00701,229,3,1,998,0.99782,39,104,0.239,0.5661,0.0015,125,"19,294",105,0.4556,0.40737,0.0028,1.59,1.79,0.00401,71,330,401,0,0,1,1,0.004,41.04,17,0.001699027,0.997594751,6.46261,176,2,0,998,0.99821,40,105,0.2304,0.5444,0.0009,71,"18,599",106,0.47838,0.43181,0.0016,1.5,1.67,0.00235,39,196,235,0,0,1,1,0.0023,24.05,11,0.00106445,0.998659202,6.94099,145,2,0,998,0.99843,41,106,0.2221,0.5216,0.0005,39,"17,929",107,0.50229,0.45772,0.00088,1.41,1.56,0.00131,20,111,131,0,0,1,1,0.0013,13.41,6,0.000624341,0.999283543,7.44328,127,2,0,999,0.99854,42,107,0.2141,0.4977,0.0002,20,"17,283",108,0.52741,0.48518,0.00045,1.32,1.45,0.0007,10,60,70,0,0,1,1,0.0007,7.16,3,0.000347993,0.999631536,7.97069,118,1,0,999,0.99859,43,108,0.2064,0.4726,0.0001,10,"16,660",109,0.55378,0.51429,0.00022,1.24,1.35,0.00036,5,31,36,0,0,1,1,0.0004,3.68,2,0.000194467,0.999826003,8.52447,114,1,0,999,0.99861,44,109,0.1989,0.4462,0.0001,5,"16,059",110,0.58147,0.54515,0.0001,1.17,1.26,0.00017,2,15,17,0,0,1,1,0.0002,1.74,1,9.21E-05,0.999918119,9.10594,112,1,0,999,0.99861,45,110,0.1918,0.4185,0,2,"15,481",111,0.61054,0.57786,0.00004,1.09,1.17,0.00008,1,7,8,0,0,1,1,0.0001,0.82,1,5.12E-05,0.999969295,9.71648,112,1,0,999,0.99861,46,111,0.1849,0.3895,0,1,"14,923",112,0.64107,0.61253,0.00002,1.02,1.08,0.00003,0,3,3,0,0,1,1,0,0.31,0,2.05E-05,0.999989765,10.35755,112,1,0,999,0.99860,47,112,0.1782,0.3589, -   ,0,"14,385",113,0.67312,0.64928,0.00001,0.95,1,0.00001,0,1,1,0,0,1,1,0,0.1,0,1.02E-05,1,11.03067,113,1,0,999,0.99859,48,113,0.1718,0.3269, -   ,0,"13,867",114,0.70678,0.68824,0,0.89,0.92,0,0,0,0,0, -   ,1,1, -   , -   , -   ,0,1,11.73745,114,1,1,"1,000",1.00000,49,114,0.1656,0.2932, -   ,0,"13,367",,,,,,,,,,,,,,,,,"10,000",,,,,,"1,000",,,50,,,,,,,